{
  "exp1": {
    "total": 30000,
    "extreme": 24192,
    "normal": 5808,
    "extreme_pct": 80.6,
    "weather": {
      "Clear": 17980,
      "Light Rain": 5971,
      "Moderate Rain": 4487,
      "Heavy Rain": 1562
    },
    "density": {
      "Urban": 7616,
      "Ultra-Dense": 7411,
      "Suburban": 7483,
      "Rural": 7490
    },
    "distance": {
      "<200": 5762,
      "200-500": 9099,
      "500-800": 9070,
      ">800": 6069
    },
    "types": {
      "dense_urban": 15027,
      "heavy_weather": 6049,
      "long_distance": 15139,
      "high_interference": 331
    }
  },
  "exp2": {
    "distances": [
      50.0,
      66.10169491525424,
      82.20338983050848,
      98.30508474576271,
      114.40677966101696,
      130.5084745762712,
      146.61016949152543,
      162.71186440677968,
      178.8135593220339,
      194.91525423728814,
      211.0169491525424,
      227.11864406779662,
      243.22033898305085,
      259.3220338983051,
      275.42372881355936,
      291.5254237288136,
      307.6271186440678,
      323.7288135593221,
      339.8305084745763,
      355.93220338983053,
      372.0338983050848,
      388.135593220339,
      404.23728813559325,
      420.3389830508475,
      436.4406779661017,
      452.54237288135596,
      468.6440677966102,
      484.7457627118645,
      500.8474576271187,
      516.949152542373,
      533.0508474576272,
      549.1525423728814,
      565.2542372881356,
      581.3559322033899,
      597.4576271186442,
      613.5593220338984,
      629.6610169491526,
      645.7627118644068,
      661.8644067796611,
      677.9661016949153,
      694.0677966101696,
      710.1694915254238,
      726.271186440678,
      742.3728813559322,
      758.4745762711865,
      774.5762711864407,
      790.677966101695,
      806.7796610169493,
      822.8813559322034,
      838.9830508474577,
      855.0847457627119,
      871.1864406779662,
      887.2881355932204,
      903.3898305084747,
      919.491525423729,
      935.5932203389831,
      951.6949152542373,
      967.7966101694916,
      983.8983050847459,
      1000.0
    ],
    "Rural_mlp_slope": -69.9686781626344,
    "Rural_mlp_slope_error_dB": -34.968678162634404,
    "Rural_mamba_slope": -269.7693025529752,
    "Rural_mamba_slope_error_dB": -234.7693025529752,
    "Rural_dual_slope": -68.2691149510308,
    "Rural_dual_slope_error_dB": -33.2691149510308,
    "Rural_theory_slope": -35.0,
    "Urban_mlp_slope": -190.9005391931675,
    "Urban_mlp_slope_error_dB": -138.4005391931675,
    "Urban_mamba_slope": -460.22891117982806,
    "Urban_mamba_slope_error_dB": -407.72891117982806,
    "Urban_dual_slope": -187.64719957581858,
    "Urban_dual_slope_error_dB": -135.14719957581858,
    "Urban_theory_slope": -52.5
  },
  "exp3": {
    "Rural": {
      "Clear": {
        "physics": -94.55805633407977,
        "mlp": -73.74,
        "mamba": -68.47,
        "dual": -73.74,
        "trigger": 0.0,
        "theory_atten": 0
      },
      "Light Rain": {
        "physics": -96.55805633407977,
        "mlp": -79.13,
        "mamba": -74.3,
        "dual": -79.13,
        "trigger": 0.0,
        "theory_atten": 2
      },
      "Moderate Rain": {
        "physics": -99.55805633407977,
        "mlp": -92.08,
        "mamba": -83.28,
        "dual": -92.08,
        "trigger": 0.0,
        "theory_atten": 5
      },
      "Heavy Rain": {
        "physics": -102.55805633407977,
        "mlp": -108.05,
        "mamba": -91.77,
        "dual": -108.05,
        "trigger": 0.1,
        "theory_atten": 8
      }
    },
    "Suburban": {
      "Clear": {
        "physics": -111.89790511711738,
        "mlp": -89.86,
        "mamba": -83.72,
        "dual": -89.86,
        "trigger": 0.0,
        "theory_atten": 0
      },
      "Light Rain": {
        "physics": -113.89790511711738,
        "mlp": -92.48,
        "mamba": -90.13,
        "dual": -92.48,
        "trigger": 0.0,
        "theory_atten": 2
      },
      "Moderate Rain": {
        "physics": -116.89790511711738,
        "mlp": -99.82,
        "mamba": -98.1,
        "dual": -99.82,
        "trigger": 0.0,
        "theory_atten": 5
      },
      "Heavy Rain": {
        "physics": -119.89790511711738,
        "mlp": -113.84,
        "mamba": -106.82,
        "dual": -113.84,
        "trigger": 0.1,
        "theory_atten": 8
      }
    }
  },
  "exp5": {
    "MLP": {
      "latency_ms": 1.415617560123792,
      "latency_std": 0.27489680947621126,
      "params": 469509
    },
    "Mamba-3": {
      "latency_ms": 60.79927835991839,
      "latency_std": 3.9125276546334113,
      "params": 13735685
    },
    "D\u00b2TL (parallel)": {
      "latency_ms": 78.77558002001024,
      "note": "Both models run, take max"
    },
    "D\u00b2TL (early-exit)": {
      "latency_ms": 10.323166680092982,
      "trigger_rate": 0.15,
      "note": "Skip Mamba when trigger < 0.3"
    },
    "speedup": 5.889595726199276
  },
  "exp4": {
    "normal": {
      "n": 895,
      "mlp_mse": 841.1351650495985,
      "mamba_mse": 10100.755611387172,
      "dual_mse": 841.1351650495985,
      "mlp_improvement": 0.0
    },
    "extreme_weather": {
      "n": 913,
      "mlp_mse": 745.7939768684795,
      "mamba_mse": 5678.508846413981,
      "dual_mse": 737.2914343659783,
      "mlp_improvement": 1.1400658581613416
    },
    "extreme_distance": {
      "n": 2225,
      "mlp_mse": 367.4484899446753,
      "mamba_mse": 328.6351906736673,
      "dual_mse": 327.5008797636676,
      "mlp_improvement": 10.871621812086472
    },
    "extreme_density": {
      "n": 2242,
      "mlp_mse": 1050.2878559115186,
      "mamba_mse": 7392.171488060471,
      "dual_mse": 1010.7822092618221,
      "mlp_improvement": 3.7614113528343625
    },
    "extreme_compound": {
      "n": 1594,
      "mlp_mse": 661.4512135826346,
      "mamba_mse": 1961.092367185726,
      "dual_mse": 602.5427145098263,
      "mlp_improvement": 8.905947689435898
    }
  },
  "exp6": {
    "MLP Only": 764.3277543804184,
    "Mamba Only": 6301.794813304347,
    "Random 50/50": 3413.0278759402377,
    "Any-Extreme Trigger": 4460.159191199429,
    "D\u00b2TL Selector": 744.7038933606862,
    "Soft Blend (0.5)": 2541.3154062607655
  },
  "exp7": {
    "MLP": {
      "mean": 764.3277543804184,
      "median": 202.05340985127094,
      "p90": 2401.8312952847377,
      "p95": 3409.875649366602,
      "p99": 4478.18530512448,
      "max": 6594.064465190811
    },
    "Mamba": {
      "mean": 6301.794813304347,
      "median": 322.98938008175276,
      "p90": 26798.57947714582,
      "p95": 37490.86642148845,
      "p99": 53861.15308116511,
      "max": 108230.03280657865
    },
    "D\u00b2TL": {
      "mean": 744.7038933606862,
      "median": 209.28700657859912,
      "p90": 2398.214269089235,
      "p95": 3409.875649366602,
      "p99": 4478.18530512448,
      "max": 6594.064465190811
    },
    "tail_improvement": {
      "p95_vs_mlp": 0.0,
      "p99_vs_mlp": 0.0,
      "max_vs_mlp": 0.0
    }
  }
}