{
  "exp1": {
    "total": 30000,
    "extreme": 24192,
    "normal": 5808,
    "extreme_pct": 80.6,
    "weather": {
      "Clear": 17980,
      "Light Rain": 5971,
      "Moderate Rain": 4487,
      "Heavy Rain": 1562
    },
    "density": {
      "Urban": 7616,
      "Ultra-Dense": 7411,
      "Suburban": 7483,
      "Rural": 7490
    },
    "distance": {
      "<200": 5762,
      "200-500": 9099,
      "500-800": 9070,
      ">800": 6069
    },
    "types": {
      "dense_urban": 15027,
      "heavy_weather": 6049,
      "long_distance": 15139,
      "high_interference": 331
    }
  },
  "exp2": {
    "distances": [
      50.0,
      66.10169491525424,
      82.20338983050848,
      98.30508474576271,
      114.40677966101696,
      130.5084745762712,
      146.61016949152543,
      162.71186440677968,
      178.8135593220339,
      194.91525423728814,
      211.0169491525424,
      227.11864406779662,
      243.22033898305085,
      259.3220338983051,
      275.42372881355936,
      291.5254237288136,
      307.6271186440678,
      323.7288135593221,
      339.8305084745763,
      355.93220338983053,
      372.0338983050848,
      388.135593220339,
      404.23728813559325,
      420.3389830508475,
      436.4406779661017,
      452.54237288135596,
      468.6440677966102,
      484.7457627118645,
      500.8474576271187,
      516.949152542373,
      533.0508474576272,
      549.1525423728814,
      565.2542372881356,
      581.3559322033899,
      597.4576271186442,
      613.5593220338984,
      629.6610169491526,
      645.7627118644068,
      661.8644067796611,
      677.9661016949153,
      694.0677966101696,
      710.1694915254238,
      726.271186440678,
      742.3728813559322,
      758.4745762711865,
      774.5762711864407,
      790.677966101695,
      806.7796610169493,
      822.8813559322034,
      838.9830508474577,
      855.0847457627119,
      871.1864406779662,
      887.2881355932204,
      903.3898305084747,
      919.491525423729,
      935.5932203389831,
      951.6949152542373,
      967.7966101694916,
      983.8983050847459,
      1000.0
    ],
    "Rural_mlp_slope": -69.96820560217331,
    "Rural_mlp_slope_error_dB": -34.96820560217331,
    "Rural_mamba_slope": -269.7680486770986,
    "Rural_mamba_slope_error_dB": -234.7680486770986,
    "Rural_dual_slope": -68.26825115599816,
    "Rural_dual_slope_error_dB": -33.26825115599816,
    "Rural_theory_slope": -35.0,
    "Urban_mlp_slope": -190.90019232945397,
    "Urban_mlp_slope_error_dB": -138.40019232945397,
    "Urban_mamba_slope": -460.2275006124097,
    "Urban_mamba_slope_error_dB": -407.7275006124097,
    "Urban_dual_slope": -187.6466924440117,
    "Urban_dual_slope_error_dB": -135.1466924440117,
    "Urban_theory_slope": -52.5
  },
  "exp3": {
    "Rural": {
      "Clear": {
        "physics": -94.55805633407977,
        "mlp": -73.74231934547424,
        "mamba": -68.47023665904999,
        "dual": -73.74231934547424,
        "trigger": 0.0,
        "theory_atten": 0.0
      },
      "Light Rain": {
        "physics": -96.55805633407977,
        "mlp": -79.13404107093811,
        "mamba": -74.30152595043182,
        "dual": -79.13404107093811,
        "trigger": 0.0,
        "theory_atten": 2.0,
        "mlp_atten": 5.391721725463867,
        "mamba_atten": 5.831289291381836,
        "physics_atten": 2.0
      },
      "Moderate Rain": {
        "physics": -99.55805633407977,
        "mlp": -92.0805013179779,
        "mamba": -83.2787036895752,
        "dual": -92.0805013179779,
        "trigger": 0.0,
        "theory_atten": 5.0,
        "mlp_atten": 18.338181972503662,
        "mamba_atten": 14.808467030525208,
        "physics_atten": 5.0
      },
      "Heavy Rain": {
        "physics": -102.55805633407977,
        "mlp": -108.04554760456085,
        "mamba": -91.7725545167923,
        "dual": -108.04554760456085,
        "trigger": 0.1,
        "theory_atten": 8.0,
        "mlp_atten": 34.30322825908661,
        "mamba_atten": 23.30231785774231,
        "physics_atten": 8.0
      }
    },
    "Suburban": {
      "Clear": {
        "physics": -111.89790511711738,
        "mlp": -89.86319661140442,
        "mamba": -83.71861398220062,
        "dual": -89.86319661140442,
        "trigger": 0.0,
        "theory_atten": 0.0
      },
      "Light Rain": {
        "physics": -113.89790511711738,
        "mlp": -92.47748851776123,
        "mamba": -90.13229191303253,
        "dual": -92.47748851776123,
        "trigger": 0.0,
        "theory_atten": 2.0,
        "mlp_atten": 2.6142919063568115,
        "mamba_atten": 6.413677930831909,
        "physics_atten": 2.0
      },
      "Moderate Rain": {
        "physics": -116.89790511711738,
        "mlp": -99.82171058654785,
        "mamba": -98.09569776058197,
        "dual": -99.82171058654785,
        "trigger": 0.0,
        "theory_atten": 5.0,
        "mlp_atten": 9.958513975143433,
        "mamba_atten": 14.377083778381348,
        "physics_atten": 5.0
      },
      "Heavy Rain": {
        "physics": -119.89790511711738,
        "mlp": -113.8379168510437,
        "mamba": -106.81573450565338,
        "dual": -113.8379168510437,
        "trigger": 0.1,
        "theory_atten": 8.0,
        "mlp_atten": 23.974720239639282,
        "mamba_atten": 23.09712052345276,
        "physics_atten": 8.0
      }
    }
  },
  "exp4": {
    "normal": {
      "n": 895,
      "mlp_mse": 0.06954522011150423,
      "mamba_mse": 0.49523737453406824,
      "dual_mse": 0.06954522011150423,
      "mlp_improvement": 0.0
    },
    "extreme_weather": {
      "n": 913,
      "mlp_mse": 0.04174516648839655,
      "mamba_mse": 0.24098287483092526,
      "dual_mse": 0.04106901341959331,
      "mlp_improvement": 1.6197158274388068
    },
    "extreme_distance": {
      "n": 2225,
      "mlp_mse": 0.010457911487415157,
      "mamba_mse": 0.010052806532342586,
      "dual_mse": 0.009807937367291037,
      "mlp_improvement": 6.215142678404631
    },
    "extreme_density": {
      "n": 2242,
      "mlp_mse": 0.04590543246619456,
      "mamba_mse": 0.28452411008939354,
      "dual_mse": 0.04515836758879291,
      "mlp_improvement": 1.6273997156040294
    },
    "extreme_compound": {
      "n": 1594,
      "mlp_mse": 0.020870424639063936,
      "mamba_mse": 0.07000112170774032,
      "dual_mse": 0.01944288381086245,
      "mlp_improvement": 6.840018125599151
    }
  },
  "exp5": {
    "MLP": {
      "latency_ms": 0.4984290205175057,
      "latency_std": 0.016663676780295112,
      "params": 469509
    },
    "Mamba-3": {
      "latency_ms": 16.15111075967434,
      "latency_std": 1.1209163427694757,
      "params": 13735685
    },
    "D\u00b2TL (parallel)": {
      "latency_ms": 16.15111075967434,
      "note": "Both models run, take max"
    },
    "D\u00b2TL (early-exit)": {
      "latency_ms": 2.8463312813910306,
      "trigger_rate": 0.15,
      "note": "Skip Mamba when trigger < 0.3"
    },
    "speedup": 5.674360839607233
  },
  "exp6": {
    "MLP Only": 0.04280193859931165,
    "Mamba Only": 0.2697462375590588,
    "Random 50/50": 0.15197084745960796,
    "Any-Extreme Trigger": 0.18508079795723772,
    "D\u00b2TL Selector": 0.04248046447681117,
    "Soft Blend (0.5)": 0.11817430102785834
  },
  "exp7": {
    "MLP": {
      "mean": 0.04280193859931165,
      "median": 0.01159168966114521,
      "p90": 0.15054164677858353,
      "p95": 0.20907386243343362,
      "p99": 0.2910863387584688,
      "max": 0.36801913380622864
    },
    "Mamba": {
      "mean": 0.2697462375590588,
      "median": 0.015387159772217274,
      "p90": 1.0774359226226806,
      "p95": 1.431401550769806,
      "p99": 2.00737227201462,
      "max": 6.3765459060668945
    },
    "D\u00b2TL": {
      "mean": 0.04248046447681117,
      "median": 0.011216008104383945,
      "p90": 0.15054164677858353,
      "p95": 0.20907386243343362,
      "p99": 0.2910863387584688,
      "max": 0.36801913380622864
    },
    "tail_improvement": {
      "p95_vs_mlp": 0.0,