{
  "epochs": [
    1,
    2,
    3,
    4,
    5,
    6,
    7,
    8,
    9,
    10,
    11,
    12,
    13,
    14,
    15,
    16,
    17,
    18,
    19,
    20,
    21,
    22,
    23,
    24,
    25,
    26,
    27,
    28,
    29,
    30,
    31,
    32,
    33,
    34,
    35,
    36,
    37,
    38,
    39,
    40,
    41,
    42,
    43,
    44,
    45,
    46,
    47,
    48,
    49,
    50,
    51,
    52,
    53,
    54,
    55,
    56,
    57,
    58,
    59,
    60,
    61,
    62,
    63,
    64,
    65,
    66,
    67,
    68,
    69,
    70,
    71,
    72,
    73,
    74,
    75,
    76,
    77,
    78,
    79,
    80,
    81,
    82,
    83,
    84,
    85,
    86,
    87,
    88,
    89,
    90,
    91,
    92,
    93,
    94,
    95,
    96,
    97,
    98,
    99,
    100,
    101,
    102,
    103,
    104,
    105,
    106,
    107,
    108,
    109,
    110,
    111,
    112,
    113
  ],
  "train_loss": [
    0.07225634037066919,
    0.03616552525355642,
    0.033536835936659605,
    0.006265631389286154,
    0.004648975098766047,
    0.003817008040409456,
    0.0034001126852152602,
    0.003327232466353879,
    0.003132909815192313,
    0.003123187903728121,
    0.0030137710485573415,
    0.002849959115509091,
    0.0030213767361167627,
    0.00282856594207824,
    0.0029229144632991824,
    0.002940249524934155,
    0.0026591643436293835,
    0.002711177197791704,
    0.0028029232222932226,
    0.002919591312214596,
    0.002630320144286464,
    0.0026548319074430004,
    0.002623881561905259,
    0.0026463246416006136,
    0.002511778018206618,
    0.002600081166249663,
    0.002642413262294826,
    0.0025869696340905814,
    0.0025692706040211454,
    0.0026138360745848175,
    0.0026153222010909696,
    0.0024687860664942708,
    0.0024604832047262545,
    0.0024748327264330124,
    0.0025058217441498963,
    0.002494933916606847,
    0.002497831008490458,
    0.0024554301647746815,
    0.0023803409325393442,
    0.0023678534177321614,
    0.0023068427589458718,
    0.002457294901861246,
    0.002278425248118972,
    0.0023561700920950858,
    0.0024107798154106345,
    0.00234173107177506,
    0.0022456236059797256,
    0.0023367966045441508,
    0.0023051514421196196,
    0.0022574355090666832,
    0.0022622995081394456,
    0.0021766931364188215,
    0.0022195532506099677,
    0.0021812563502345813,
    0.0022325897442479832,
    0.002235110223896258,
    0.0021653761667918448,
    0.002135338037739024,
    0.0021550627917158883,
    0.0021588704014468747,
    0.0021393630732527416,
    0.0021274745238571225,
    0.0021574629253444566,
    0.002109772276089422,
    0.0020708997944783205,
    0.0020995478019809016,
    0.0020653477736881803,
    0.002133885150814944,
    0.002055186043899665,
    0.0020879316389614483,
    0.002016542674011146,
    0.0020505556998431885,
    0.0020452901239062468,
    0.0020591240235757207,
    0.002040714204012725,
    0.0020115503131576153,
    0.0020061184243103745,
    0.0019784449889129283,
    0.001970560895703665,
    0.0020380300235450493,
    0.0019761962201488756,
    0.0019736833450041914,
    0.001932566890126451,
    0.001954821834700199,
    0.0019249992111080685,
    0.0019402677461499275,
    0.001916256112239032,
    0.001907298798916301,
    0.001884764429616337,
    0.001897354288972167,
    0.0019111330948252015,
    0.001869793661436955,
    0.001887589166369742,
    0.0018769278283737667,
    0.001865703213073902,
    0.0018423716587192835,
    0.001857719382541509,
    0.0018515473195934798,
    0.0018407598319732355,
    0.001815021016824662,
    0.00184957773564808,
    0.0018087426500570448,
    0.0018021376571040544,
    0.001792423427635719,
    0.001791217511659205,
    0.0018135500198872732,
    0.0017656132130880802,
    0.001751362098597477,
    0.0017521239025942914,
    0.001751596162571235,
    0.001762065758339857,
    0.001726288986951396,
    0.0017323132261483842
  ],
  "val_loss": [
    0.036441893880845795,
    0.0366713190844781,
    0.006700937203328375,
    0.0038054759030453334,
    0.0032418145778470896,
    0.002770460017261581,
    0.0030119006331800154,
    0.0028685895352243956,
    0.002864857209177399,
    0.0027011212340267506,
    0.0040573055108248345,
    0.0030051762185676,
    0.0032270498816448618,
    0.0032761288449351844,
    0.0025393497395578405,
    0.0026715645340310646,
    0.002507607306642327,
    0.0032049832458962016,
    0.0026877280521455786,
    0.0028967418704627895,
    0.0031121544733407423,
    0.003019370501008357,
    0.0022632698397296413,
    0.002413337399304228,
    0.0024699314831900343,
    0.002766537696490405,
    0.0027336417205474327,
    0.002509862063190257,
    0.002587988456173367,
    0.0024325688087551947,
    0.002452388332015507,
    0.00221340100995829,
    0.0024044998957526305,
    0.002553676323912723,
    0.0023160419643292545,
    0.002262984346729559,
    0.002173916584300533,
    0.002385568836192325,
    0.0022823411158063044,
    0.0025324858643088334,
    0.0025445757282924063,
    0.002142678967572119,
    0.002435604233334077,
    0.002539336276371819,
    0.002218811064433884,
    0.0023567757543019006,
    0.002613968086350237,
    0.0025619401065239186,
    0.0020242042775580685,
    0.002649540512848803,
    0.0021982893091954396,
    0.0023675300590825124,
    0.002262388410138517,
    0.0021309969572901304,
    0.00283889069621989,
    0.0021993454995001076,
    0.0021054954595968755,
    0.0021772967507196982,
    0.0021515420013317236,
    0.0022888128271877344,
    0.0022209032937149766,
    0.002963260667149345,
    0.002045684741665675,
    0.0020976905829050174,
    0.0026847600730293443,
    0.0022671345004838116,
    0.0023110726549827928,
    0.001973317776196702,
    0.0020340358933538826,
    0.0019998108004023072,
    0.002092136114402871,
    0.0022104588471694104,
    0.002124114276047691,
    0.002052270463818658,
    0.0022035392319363816,
    0.00203468370772767,
    0.0020173991945060627,
    0.002102616690689514,
    0.0020097139870262587,
    0.002224693801188448,
    0.002050826896611654,
    0.0019919555781828897,
    0.001939729984167596,
    0.0020691516028690927,
    0.002018628177121544,
    0.00197898756227338,
    0.002060731827005954,
    0.0020110047173122285,
    0.0020262865082387037,
    0.0020686131295367654,
    0.002024498736177584,
    0.002250337369844947,
    0.0020279486271762618,
    0.0019780732732279306,
    0.0021285996641176685,
    0.0020303473722609417,
    0.0019822632713558178,
    0.0020758005983891412,
    0.001997112030897972,
    0.002019373744293313,
    0.0020090011604340144,
    0.0019841358757538485,
    0.0020128243871715286,
    0.0020034161730813726,
    0.0020573857997898274,
    0.002036210961154544,
    0.00202408235956272,
    0.002049323218927102,
    0.0020275682597880214,
    0.0019700989073050588,
    0.0020094680867131644,
    0.002047738480106206,
    0.0020128031495735576
  ],