{
  "epochs": [
    1,
    2,
    3,
    4,
    5,
    6,
    7,
    8,
    9,
    10,
    11,
    12,
    13,
    14,
    15,
    16,
    17,
    18,
    19,
    20,
    21,
    22,
    23,
    24,
    25,
    26,
    27,
    28,
    29,
    30,
    31,
    32,
    33,
    34,
    35,
    36,
    37,
    38,
    39,
    40,
    41,
    42,
    43,
    44,
    45,
    46,
    47,
    48,
    49,
    50,
    51,
    52,
    53,
    54,
    55,
    56,
    57,
    58,
    59,
    60,
    61,
    62,
    63,
    64,
    65,
    66,
    67,
    68,
    69,
    70,
    71,
    72,
    73,
    74,
    75,
    76,
    77,
    78,
    79,
    80,
    81,
    82,
    83,
    84,
    85,
    86,
    87,
    88,
    89,
    90,
    91,
    92,
    93,
    94,
    95,
    96,
    97,
    98,
    99,
    100,
    101,
    102,
    103,
    104,
    105,
    106,
    107,
    108,
    109,
    110,
    111,
    112,
    113,
    114,
    115,
    116,
    117,
    118,
    119,
    120,
    121,
    122,
    123,
    124,
    125,
    126,
    127,
    128,
    129,
    130,
    131,
    132,
    133,
    134,
    135,
    136,
    137,
    138,
    139,
    140,
    141,
    142,
    143,
    144,
    145,
    146,
    147,
    148,
    149,
    150
  ],
  "train_loss": [
    0.3077395070106425,
    0.06030374228682561,
    0.03238104613311023,
    0.028255728949540745,
    0.025360895799172868,
    0.022913710095305392,
    0.019822778873779673,
    0.01879303487963227,
    0.017940557915660748,
    0.013333023060113192,
    0.008838955361090351,
    0.008611958218444037,
    0.008906191932518704,
    0.007688845313892991,
    0.007203803358792036,
    0.005901230983917338,
    0.005301388112211028,
    0.006414094579612729,
    0.006588891677566914,
    0.005870817789643731,
    0.006316863214115876,
    0.004996453792261566,
    0.004122787989225906,
    0.003956527368513737,
    0.0042647791298893265,
    0.003571501663407611,
    0.004216313001552546,
    0.004084506287596169,
    0.0038311362268663605,
    0.003740667805321922,
    0.0039061502890383945,
    0.003502889290044373,
    0.0032115510638695676,
    0.003428150487477724,
    0.00363579690053006,
    0.0030664998413796754,
    0.0030744939173450044,
    0.003301199499763956,
    0.003090758084696024,
    0.0031936448621195613,
    0.003518462417106566,
    0.0029196570180483887,
    0.003170402683770584,
    0.0028917957302522605,
    0.0030007275945923115,
    0.003109834012207448,
    0.0031608656755758953,
    0.0028184647795724423,
    0.0027673361949639617,
    0.003022393938521982,
    0.0029985286255783225,
    0.003070813941445179,
    0.002857029349557308,
    0.002607032157392963,
    0.002743929837572765,
    0.003009147240212725,
    0.0028308690424745275,
    0.00284345193248027,
    0.0026385753169955862,
    0.002955284281025179,
    0.0029491788706258164,
    0.002801102506475223,
    0.0028856257155415884,
    0.0029102922148300523,
    0.0026487624292165653,
    0.0029147371344019216,
    0.002965771162169094,
    0.0026388786116396967,
    0.0026957170390608893,
    0.0026600930774669336,
    0.0026567818757605183,
    0.0026022921148956524,
    0.0026454826467316654,
    0.0027391556130246597,
    0.0026372241975858492,
    0.0026415755762081695,
    0.0027561792134276186,
    0.0026914597086263054,
    0.0026666894034938294,
    0.0027553923116674177,
    0.002566694086318479,
    0.0025598965617077917,
    0.0026838118833203807,
    0.0024859461413928533,
    0.002560383420491359,
    0.0026857638158368394,
    0.0026850222569598753,
    0.002766868343016297,
    0.0025204392631274952,
    0.002612482645976326,
    0.0027826789339811834,
    0.0027454624636846065,
    0.002781044960016311,
    0.002756538894310548,
    0.002594151553247792,
    0.00253118983877534,
    0.0026050762950632395,
    0.0027710391715590737,
    0.0027848166738435806,
    0.002537349902099072,
    0.0024064293321955236,
    0.002502851147844391,
    0.002505524173495006,
    0.0027477836314557646,
    0.0025132361685893975,
    0.002423710294851982,
    0.0024209134691142928,
    0.0025224900069521984,
    0.0024853528675051425,
    0.0023775478792419278,
    0.0024041742104810512,
    0.0025351607508951723,
    0.0025868975747756003,
    0.002441439377943671,
    0.0023443795203466227,
    0.002343464008317326,
    0.0023645368053671254,
    0.002451126222211392,
    0.002380506557661553,
    0.00226613859954576,
    0.0022897960083477064,
    0.0022104959096334942,
    0.0022900765975809863,
    0.002208478338337053,
    0.002212749008941365,
    0.0021852921302809654,
    0.002169290829080477,
    0.0021655256675958273,
    0.0021037852929800317,
    0.0020957276335489966,
    0.0021040672436356544,
    0.0020825446786438212,
    0.0020674122575285495,
    0.0020528387913118064,
    0.0020709414157866414,
    0.002065288803312293,
    0.0020626567535549627,
    0.0020293058437581167,
    0.002017710762527293,
    0.002010097039656821,
    0.002005002368843087,
    0.001997987052572942,
    0.0019929735388077435,
    0.0019919321837617043,
    0.001979364730639944,
    0.0019862917952499946,
    0.001978400798505993,
    0.0019906541252279466,
    0.0019727896366092887,
    0.0019785358378023904
  ],